question,n,end_s,crossing_s,strict_s,crossing_h,strict_h,end_radius_cm,T_center_end,T_surface_end,C_center_end,C_surface_end,Cmax_end,diagnostic_sampling,moisture_balance_max_sampled,max_above_center_sampled,T_min_sampled,T_max_sampled,C_min_sampled,C_max_sampled,nfev,runtime_s
1,160,1800.0,,,,,2.0,33.57533356750563,36.78555129717403,2.5499921478749332,1.5102653379068818,2.5499921478749332,"{'time_grid': 'uniform_250_including_endpoints', 'time_count': 250, 'first_time_s': 0.0, 'last_time_s': 1800.0, 'step_s': 7.228915662650603, 'radial_grid': 'all_solver_nodes', 'radial_node_count': 161, 'continuous_extrema_claimed': False}",1.7763568394002505e-15,0.0,28.0,36.78555129717403,1.5102653379068818,2.55,2608,0.7896345108747482
3,160,206928.0,206927.12951966695,206928.0,57.47975819990749,57.48,2.0,49.99999999999999,50.0,0.1499997464932636,0.052659198464998724,0.1499997464932636,"{'time_grid': 'uniform_250_including_endpoints', 'time_count': 250, 'first_time_s': 0.0, 'last_time_s': 206928.0, 'step_s': 831.0361445783133, 'radial_grid': 'all_solver_nodes', 'radial_node_count': 161, 'continuous_extrema_claimed': False}",6.217248937900877e-15,0.0,28.0,50.034104478233154,0.052659198464998724,2.55,18507,6.35061951354146
4,160,183941.0,183940.90244958436,183941.0,51.094695124884545,51.094722222222224,1.2,50.00000000000001,50.0,0.1499999499140811,0.05261982936366465,0.1499999499140811,"{'time_grid': 'uniform_250_including_endpoints', 'time_count': 250, 'first_time_s': 0.0, 'last_time_s': 183941.0, 'step_s': 738.718875502008, 'radial_grid': 'all_solver_nodes', 'radial_node_count': 161, 'continuous_extrema_claimed': False}",3.1086244689504383e-15,0.0,28.0,50.036730428642976,0.05261982936366465,2.55,21845,7.766947317868471
1,320,1800.0,,,,,2.0,33.57534176146253,36.785558017155765,2.549992340237597,1.510242285466592,2.549992340237597,"{'time_grid': 'uniform_250_including_endpoints', 'time_count': 250, 'first_time_s': 0.0, 'last_time_s': 1800.0, 'step_s': 7.228915662650603, 'radial_grid': 'all_solver_nodes', 'radial_node_count': 321, 'continuous_extrema_claimed': False}",2.6645352591003757e-15,4.440892098500626e-16,28.0,36.785558017155765,1.510242285466592,2.5500000000000003,2616,0.8869561702013016
3,320,206907.0,206906.99709637454,206907.0,57.47416586010404,57.47416666666667,2.0,49.99999999999999,50.0,0.14999999915425263,0.05265943144932194,0.14999999915425263,"{'time_grid': 'uniform_250_including_endpoints', 'time_count': 250, 'first_time_s': 0.0, 'last_time_s': 206907.0, 'step_s': 830.9518072289156, 'radial_grid': 'all_solver_nodes', 'radial_node_count': 321, 'continuous_extrema_claimed': False}",3.9968028886505635e-15,0.0,28.0,50.03456662965316,0.05265943144932194,2.55,18391,7.595230188220739
4,320,183930.0,183929.77376937887,183930.0,51.091603824827466,51.09166666666667,1.2,50.0,50.0,0.1499998838339973,0.05261997471040266,0.1499998838339973,"{'time_grid': 'uniform_250_including_endpoints', 'time_count': 250, 'first_time_s': 0.0, 'last_time_s': 183930.0, 'step_s': 738.6746987951807, 'radial_grid': 'all_solver_nodes', 'radial_node_count': 321, 'continuous_extrema_claimed': False}",6.661338147750939e-15,0.0,28.0,50.03611712800303,0.05261997471040266,2.55,21787,9.348178390413523
1,640,1800.0,,,,,2.0,33.57534387954445,36.785559978738654,2.549992388170624,1.5102365222317182,2.549992388170624,"{'time_grid': 'uniform_250_including_endpoints', 'time_count': 250, 'first_time_s': 0.0, 'last_time_s': 1800.0, 'step_s': 7.228915662650603, 'radial_grid': 'all_solver_nodes', 'radial_node_count': 641, 'continuous_extrema_claimed': False}",4.440892098500626e-15,8.881784197001252e-16,28.0,36.785559978738654,1.5102365222317182,2.5500000000000003,2656,1.1757643967866898
3,640,206902.0,206901.96046502196,206902.0,57.47276679583943,57.47277777777778,2.0,50.0,50.0,0.14999998848408944,0.05265948366519268,0.14999998848408944,"{'time_grid': 'uniform_250_including_endpoints', 'time_count': 250, 'first_time_s': 0.0, 'last_time_s': 206902.0, 'step_s': 830.9317269076305, 'radial_grid': 'all_solver_nodes', 'radial_node_count': 641, 'continuous_extrema_claimed': False}",3.552713678800501e-15,0.0,28.0,50.034673302140725,0.05265948366519268,2.55,18515,10.205798108130693
4,640,183927.0,183926.99454752883,183927.0,51.090831818758005,51.090833333333336,1.2,50.0,50.0,0.14999999720016605,0.0526200190782298,0.14999999720016605,"{'time_grid': 'uniform_250_including_endpoints', 'time_count': 250, 'first_time_s': 0.0, 'last_time_s': 183927.0, 'step_s': 738.6626506024096, 'radial_grid': 'all_solver_nodes', 'radial_node_count': 641, 'continuous_extrema_claimed': False}",6.217248937900877e-15,4.440892098500626e-16,28.0,50.0359510826049,0.0526200190782298,2.5500000000000003,21811,12.191697023808956
